{
  "meta": {
    "tracking": false,
    "mode": "extraction"
  },
  "results": [
    {
      "model_name": "gpt-4o-mini",
      "window_size": 1,
      "n_frames": 87,
      "parse_success_rate": 1.0,
      "f1_context": 0.4212917350848385,
      "f1_pedestrians": 0.6660974274767378,
      "f1_vehicles": 0.4272030651340996,
      "person_fields": {
        "atomic_action": {
          "precision": 0.8486590038314176,
          "recall": 0.6015325670498085,
          "f1": 0.6727969348659003
        },
        "simple_context": {
          "precision": 0.6724137931034483,
          "recall": 0.33199233716475096,
          "f1": 0.4212917350848385
        },
        "communicative": {
          "precision": 0.9195402298850575,
          "recall": 0.6628352490421455,
          "f1": 0.7367816091954023
        },
        "transporting": {
          "precision": 0.8563218390804598,
          "recall": 0.7375478927203065,
          "f1": 0.7582375478927204
        },
        "age": {
          "precision": 0.8505747126436781,
          "recall": 0.6915708812260536,
          "f1": 0.7413793103448276
        }
      },
      "vehicle_fields": {
        "motion_status": {
          "precision": 0.5172413793103449,
          "recall": 0.3888888888888889,
          "f1": 0.43103448275862066
        },
        "trunk_open": {
          "precision": 0.5632183908045977,
          "recall": 0.3563218390804598,
          "f1": 0.42528735632183906
        },
        "doors_open": {
          "precision": 0.5632183908045977,
          "recall": 0.3563218390804598,
          "f1": 0.42528735632183906
        }
      },
      "avg_latency_s": 7.774574712643679,
      "total_prompt_tokens": 3304956,
      "total_completion_tokens": 23975,
      "avg_judge_completeness": 0.29310344827586204,
      "avg_judge_semantic_richness": 0.43505747126436783,
      "avg_judge_spatial_relations": 0.2885057471264368,
      "avg_judge_overall": 0.33195402298850574
    },
    {
      "model_name": "gpt-4o-mini",
      "window_size": 4,
      "n_frames": 321,
      "parse_success_rate": 0.9719626168224299,
      "f1_context": 0.41106532356532355,
      "f1_pedestrians": 0.6727899877899878,
      "f1_vehicles": 0.36168091168091165,
      "person_fields": {
        "atomic_action": {
          "precision": 0.8589743589743589,
          "recall": 0.6036324786324787,
          "f1": 0.6806623931623932
        },
        "simple_context": {
          "precision": 0.6853632478632479,
          "recall": 0.31629273504273503,
          "f1": 0.41106532356532355
        },
        "communicative": {
          "precision": 0.9230769230769231,
          "recall": 0.6842948717948718,
          "f1": 0.7549145299145299
        },
        "transporting": {
          "precision": 0.8766025641025641,
          "recall": 0.7382478632478633,
          "f1": 0.7689102564102565
        },
        "age": {
          "precision": 0.8525641025641025,
          "recall": 0.701388888888889,
          "f1": 0.7483974358974359
        }
      },
      "vehicle_fields": {
        "motion_status": {
          "precision": 0.421474358974359,
          "recall": 0.28044871794871795,
          "f1": 0.32222222222222224
        },
        "trunk_open": {
          "precision": 0.5032051282051282,
          "recall": 0.32051282051282054,
          "f1": 0.3814102564102564
        },
        "doors_open": {
          "precision": 0.5032051282051282,
          "recall": 0.32051282051282054,
          "f1": 0.3814102564102564
        }
      },
      "avg_latency_s": 14.680862068965515,
      "total_prompt_tokens": 11924346,
      "total_completion_tokens": 73993,
      "avg_judge_completeness": 0.2608974358974359,
      "avg_judge_semantic_richness": 0.41871794871794865,
      "avg_judge_spatial_relations": 0.2205128205128205,
      "avg_judge_overall": 0.30025641025641026
    },
    {
      "model_name": "gpt-5-mini",
      "window_size": 1,
      "n_frames": 87,
      "parse_success_rate": 1.0,
      "f1_context": 0.6884692574347747,
      "f1_pedestrians": 0.7921766101076446,
      "f1_vehicles": 0.5683269476372924,
      "person_fields": {
        "atomic_action": {
          "precision": 0.8295019157088123,
          "recall": 0.7567049808429118,
          "f1": 0.764367816091954
        },
        "simple_context": {
          "precision": 0.8160919540229885,
          "recall": 0.6268199233716475,
          "f1": 0.6884692574347747
        },
        "communicative": {
          "precision": 0.9904214559386973,
          "recall": 0.7777777777777778,
          "f1": 0.8367816091954022
        },
        "transporting": {
          "precision": 0.9655172413793104,
          "recall": 0.8314176245210727,
          "f1": 0.8647509578544061
        },
        "age": {
          "precision": 0.9137931034482759,
          "recall": 0.760536398467433,
          "f1": 0.8065134099616859
        }
      },
      "vehicle_fields": {
        "motion_status": {
          "precision": 0.7183908045977011,
          "recall": 0.5977011494252874,
          "f1": 0.632183908045977
        },
        "trunk_open": {
          "precision": 0.7241379310344828,
          "recall": 0.4425287356321839,
          "f1": 0.5363984674329502
        },
        "doors_open": {
          "precision": 0.7241379310344828,
          "recall": 0.4425287356321839,
          "f1": 0.5363984674329502
        }
      },
      "avg_latency_s": 57.26925287356322,
      "total_prompt_tokens": 196359,
      "total_completion_tokens": 132255,
      "avg_judge_completeness": 0.42954022988505747,
      "avg_judge_semantic_richness": 0.6006896551724138,
      "avg_judge_spatial_relations": 0.6129885057471264,
      "avg_judge_overall": 0.5301149425287356
    },
    {
      "model_name": "gpt-5-mini",
      "window_size": 4,
      "n_frames": 321,
      "parse_success_rate": 0.9719626168224299,
      "f1_context": 0.6898504273504273,
      "f1_pedestrians": 0.7901068376068376,
      "f1_vehicles": 0.5445868945868946,
      "person_fields": {
        "atomic_action": {
          "precision": 0.8552350427350427,
          "recall": 0.7465277777777778,
          "f1": 0.7657051282051283
        },
        "simple_context": {
          "precision": 0.8552350427350427,
          "recall": 0.6159188034188033,
          "f1": 0.6898504273504273
        },
        "communicative": {
          "precision": 1.0,
          "recall": 0.7697649572649572,
          "f1": 0.8386752136752137
        },
        "transporting": {
          "precision": 0.936431623931624,
          "recall": 0.8279914529914529,
          "f1": 0.8416666666666668
        },
        "age": {
          "precision": 0.9166666666666666,
          "recall": 0.7719017094017094,
          "f1": 0.8146367521367521
        }
      },
      "vehicle_fields": {
        "motion_status": {
          "precision": 0.655448717948718,
          "recall": 0.5048076923076923,
          "f1": 0.5525641025641026
        },
        "trunk_open": {
          "precision": 0.7275641025641025,
          "recall": 0.44711538461538464,
          "f1": 0.5405982905982906
        },
        "doors_open": {
          "precision": 0.7275641025641025,
          "recall": 0.44711538461538464,
          "f1": 0.5405982905982906
        }
      },
      "avg_latency_s": 154.61113793103448,
      "total_prompt_tokens": 454929,
      "total_completion_tokens": 259054,
      "avg_judge_completeness": 0.40512820512820513,
      "avg_judge_semantic_richness": 0.5897435897435898,
      "avg_judge_spatial_relations": 0.6174358974358974,
      "avg_judge_overall": 0.5161538461538461
    },
    {
      "model_name": "mistral-large",
      "window_size": 1,
      "n_frames": 87,
      "parse_success_rate": 1.0,
      "f1_context": 0.5369184455391351,
      "f1_pedestrians": 0.6853147235905857,
      "f1_vehicles": 0.4657726692209451,
      "person_fields": {
        "atomic_action": {
          "precision": 0.7873563218390804,