{
  "meta": {
    "tracking": false,
    "mode": "complexity"
  },
  "results": [
    {
      "model_name": "gpt-4o-mini",
      "window_size": 1,
      "n_frames": 100,
      "parse_success_rate": 1.0,
      "f1_context": 0.37682539682539684,
      "f1_pedestrians": 0.6736412698412698,
      "f1_vehicles": 0.5168888888888888,
      "person_fields": {
        "atomic_action": {
          "precision": 0.9066666666666667,
          "recall": 0.6183333333333334,
          "f1": 0.7013809523809523
        },
        "simple_context": {
          "precision": 0.6033333333333334,
          "recall": 0.29533333333333334,
          "f1": 0.37682539682539684
        },
        "communicative": {
          "precision": 0.975,
          "recall": 0.61,
          "f1": 0.711
        },
        "transporting": {
          "precision": 0.925,
          "recall": 0.7633333333333333,
          "f1": 0.8023333333333333
        },
        "age": {
          "precision": 0.95,
          "recall": 0.7,
          "f1": 0.7766666666666667
        }
      },
      "vehicle_fields": {
        "motion_status": {
          "precision": 0.5966666666666667,
          "recall": 0.45166666666666666,
          "f1": 0.49733333333333335
        },
        "trunk_open": {
          "precision": 0.7,
          "recall": 0.44,
          "f1": 0.5266666666666666
        },
        "doors_open": {
          "precision": 0.7,
          "recall": 0.44,
          "f1": 0.5266666666666666
        }
      },
      "avg_latency_s": 7.612100000000001,
      "total_prompt_tokens": 3741800,
      "total_completion_tokens": 40296,
      "avg_judge_completeness": null,
      "avg_judge_semantic_richness": null,
      "avg_judge_spatial_relations": null,
      "avg_judge_overall": null
    },
    {
      "model_name": "gpt-5-mini",
      "window_size": 1,
      "n_frames": 100,
      "parse_success_rate": 1.0,
      "f1_context": 0.7046681096681097,
      "f1_pedestrians": 0.7742860028860028,
      "f1_vehicles": 0.6092222222222222,
      "person_fields": {
        "atomic_action": {
          "precision": 0.78,
          "recall": 0.8258333333333333,
          "f1": 0.7764285714285714
        },
        "simple_context": {
          "precision": 0.7651666666666667,
          "recall": 0.6976666666666667,
          "f1": 0.7046681096681097
        },
        "communicative": {
          "precision": 0.995,
          "recall": 0.6583333333333333,
          "f1": 0.7536666666666666
        },
        "transporting": {
          "precision": 0.9166666666666667,
          "recall": 0.84,
          "f1": 0.8406666666666667
        },
        "age": {
          "precision": 0.94,
          "recall": 0.7366666666666667,
          "f1": 0.7959999999999999
        }
      },
      "vehicle_fields": {
        "motion_status": {
          "precision": 0.7216666666666667,
          "recall": 0.725,
          "f1": 0.6926666666666667
        },
        "trunk_open": {
          "precision": 0.77,
          "recall": 0.47,
          "f1": 0.57
        },
        "doors_open": {
          "precision": 0.76,
          "recall": 0.47,
          "f1": 0.565
        }
      },
      "avg_latency_s": 218.58837,
      "total_prompt_tokens": 168700,
      "total_completion_tokens": 334414,
      "avg_judge_completeness": null,
      "avg_judge_semantic_richness": null,
      "avg_judge_spatial_relations": null,
      "avg_judge_overall": null
    },
    {
      "model_name": "mistral-large",
      "window_size": 1,
      "n_frames": 100,
      "parse_success_rate": 1.0,
      "f1_context": 0.6261904761904762,
      "f1_pedestrians": 0.7351047619047619,
      "f1_vehicles": 0.5064444444444445,
      "person_fields": {
        "atomic_action": {
          "precision": 0.8316666666666667,
          "recall": 0.7575,
          "f1": 0.7643333333333334
        },
        "simple_context": {
          "precision": 0.8,
          "recall": 0.5598333333333333,
          "f1": 0.6261904761904762
        },
        "communicative": {
          "precision": 1.0,
          "recall": 0.625,
          "f1": 0.7293333333333334
        },
        "transporting": {
          "precision": 0.8183333333333332,
          "recall": 0.8116666666666668,
          "f1": 0.7693333333333334
        },
        "age": {
          "precision": 0.96,
          "recall": 0.7083333333333333,
          "f1": 0.7863333333333332
        }
      },
      "vehicle_fields": {
        "motion_status": {
          "precision": 0.5716666666666667,
          "recall": 0.45833333333333337,
          "f1": 0.48100000000000004
        },
        "trunk_open": {
          "precision": 0.665,
          "recall": 0.455,
          "f1": 0.5233333333333333
        },
        "doors_open": {
          "precision": 0.645,
          "recall": 0.455,
          "f1": 0.515
        }
      },
      "avg_latency_s": 14.70077,
      "total_prompt_tokens": 181900,
      "total_completion_tokens": 93375,
      "avg_judge_completeness": null,
      "avg_judge_semantic_richness": null,
      "avg_judge_spatial_relations": null,
      "avg_judge_overall": null
    },
    {
      "model_name": "mistral-medium",
      "window_size": 1,
      "n_frames": 100,
      "parse_success_rate": 0.98,
      "f1_context": 0.5452542921930678,
      "f1_pedestrians": 0.7046290897311305,
      "f1_vehicles": 0.45975056689342403,
      "person_fields": {
        "atomic_action": {
          "precision": 0.8962585034013605,
          "recall": 0.6335034013605443,
          "f1": 0.7027210884353741
        },
        "simple_context": {
          "precision": 0.75,
          "recall": 0.45068027210884354,
          "f1": 0.5452542921930678
        },
        "communicative": {
          "precision": 0.9846938775510204,
          "recall": 0.6258503401360545,
          "f1": 0.7261904761904763
        },
        "transporting": {
          "precision": 0.7755102040816326,
          "recall": 0.8401360544217686,
          "f1": 0.76156462585034
        },
        "age": {
          "precision": 0.9591836734693877,
          "recall": 0.7108843537414966,
          "f1": 0.7874149659863946
        }
      },
      "vehicle_fields": {
        "motion_status": {
          "precision": 0.6054421768707483,
          "recall": 0.4829931972789116,
          "f1": 0.5153061224489796
        },
        "trunk_open": {
          "precision": 0.5510204081632653,
          "recall": 0.37244897959183676,
          "f1": 0.4319727891156462
        },
        "doors_open": {
          "precision": 0.5510204081632653,
          "recall": 0.37244897959183676,
          "f1": 0.4319727891156462
        }
      },
      "avg_latency_s": 10.59724,
      "total_prompt_tokens": 181900,
      "total_completion_tokens": 141404,
      "avg_judge_completeness": null,
      "avg_judge_semantic_richness": null,
      "avg_judge_spatial_relations": null,
      "avg_judge_overall": null
    }
  ]
}