{
  "meta": {
    "tracking": false,
    "mode": "complexity"
  },
  "results": [
    {
      "model_name": "gpt-4o-mini",
      "window_size": 1,
      "n_frames": 100,
      "parse_success_rate": 1.0,
      "mean_pdr_ped": 0.3400655942679977,
      "std_pdr_ped": 0.271924885464358,
      "mean_pdr_veh": 0.544342037890425,
      "std_pdr_veh": 0.3614588020190943,
      "avg_latency_s": 7.612100000000001,
      "total_prompt_tokens": 3741800,
      "total_completion_tokens": 40296
    },
    {
      "model_name": "gpt-5-mini",
      "window_size": 1,
      "n_frames": 100,
      "parse_success_rate": 1.0,
      "mean_pdr_ped": 0.7818218860060056,
      "std_pdr_ped": 0.2297497482984941,
      "mean_pdr_veh": 0.8787506400409626,
      "std_pdr_veh": 0.27768155086084073,
      "avg_latency_s": 218.58837,
      "total_prompt_tokens": 168700,
      "total_completion_tokens": 334414
    },
    {
      "model_name": "mistral-large",
      "window_size": 1,
      "n_frames": 100,
      "parse_success_rate": 1.0,
      "mean_pdr_ped": 0.621938831397353,
      "std_pdr_ped": 0.2669402656085362,
      "mean_pdr_veh": 0.767178699436764,
      "std_pdr_veh": 0.3199766851752012,
      "avg_latency_s": 14.70077,
      "total_prompt_tokens": 181900,
      "total_completion_tokens": 93375
    },
    {
      "model_name": "mistral-medium",
      "window_size": 1,
      "n_frames": 100,
      "parse_success_rate": 0.98,
      "mean_pdr_ped": 0.6919805308199846,
      "std_pdr_ped": 0.24263523609087936,
      "mean_pdr_veh": 0.5559651817716333,
      "std_pdr_veh": 0.4046247807931338,
      "avg_latency_s": 10.59724,
      "total_prompt_tokens": 181900,
      "total_completion_tokens": 141404
    }
  ]
}