{
  "meta": {
    "label": "crop",
    "timestamp": "2026-04-27 09:06",
    "tracking": false,
    "multi_crop": true,
    "mode": "extraction",
    "max_resolution": [
      1280,
      720
    ]
  },
  "results": [
    {
      "model_name": "mistral-medium",
      "window_size": 1,
      "n_frames": 160,
      "parse_success_rate": 1.0,
      "f1_context": 0.5120238095238095,
      "f1_pedestrians": 0.7361547619047619,
      "f1_vehicles": 0.41125000000000006,
      "person_fields": {
        "atomic_action": {
          "precision": 0.9145833333333334,
          "recall": 0.6557291666666667,
          "f1": 0.725625
        },
        "simple_context": {
          "precision": 0.7901041666666667,
          "recall": 0.42072916666666665,
          "f1": 0.5120238095238095
        },
        "communicative": {
          "precision": 0.99375,
          "recall": 0.75,
          "f1": 0.8214583333333334
        },
        "transporting": {
          "precision": 0.8302083333333334,
          "recall": 0.8625,
          "f1": 0.8122916666666666
        },
        "age": {
          "precision": 0.9125,
          "recall": 0.7635416666666667,
          "f1": 0.809375
        }
      },
      "vehicle_fields": {
        "motion_status": {
          "precision": 0.546875,
          "recall": 0.39479166666666665,
          "f1": 0.44312500000000005
        },
        "trunk_open": {
          "precision": 0.528125,
          "recall": 0.33125,
          "f1": 0.3958333333333333
        },
        "doors_open": {
          "precision": 0.521875,
          "recall": 0.33125,
          "f1": 0.39479166666666665
        }
      },
      "avg_latency_s": 7.6951374999999995,
      "total_prompt_tokens": 424829,
      "total_completion_tokens": 103026,
      "avg_judge_completeness": 0.4329375,
      "avg_judge_semantic_richness": 0.544,
      "avg_judge_spatial_relations": 0.4689375,
      "avg_judge_overall": 0.47325
    }
  ]
}