{
  "meta": {
    "tracking": true,
    "mode": "complexity",
    "label": "tracking"
  },
  "results": [
    {
      "model_name": "gpt-4o-mini",
      "window_size": 1,
      "n_frames": 100,
      "parse_success_rate": 1.0,
      "mean_pdr_ped": 0.4529995421356645,
      "std_pdr_ped": 0.3000650599392939,
      "mean_pdr_veh": 0.5587813620071684,
      "std_pdr_veh": 0.35558320970627866,
      "avg_latency_s": 10.31382,
      "total_prompt_tokens": 3757502,
      "total_completion_tokens": 57053
    },
    {
      "model_name": "gpt-5-mini",
      "window_size": 1,
      "n_frames": 100,
      "parse_success_rate": 1.0,
      "mean_pdr_ped": 0.7804186738333214,
      "std_pdr_ped": 0.23207842006533874,
      "mean_pdr_veh": 0.8804403481822837,
      "std_pdr_veh": 0.2618581742911594,
      "avg_latency_s": 119.12099,
      "total_prompt_tokens": 184402,
      "total_completion_tokens": 343978
    },
    {
      "model_name": "mistral-large",
      "window_size": 1,
      "n_frames": 100,
      "parse_success_rate": 1.0,
      "mean_pdr_ped": 0.6770407114407659,
      "std_pdr_ped": 0.2717357765154799,
      "mean_pdr_veh": 0.7926523297491039,
      "std_pdr_veh": 0.30226968692739636,
      "avg_latency_s": 15.054780000000001,
      "total_prompt_tokens": 203851,
      "total_completion_tokens": 114392
    },
    {
      "model_name": "mistral-medium",
      "window_size": 1,
      "n_frames": 100,
      "parse_success_rate": 1.0,
      "mean_pdr_ped": 0.701698350691925,
      "std_pdr_ped": 0.23584590954834528,
      "mean_pdr_veh": 0.6079365079365079,
      "std_pdr_veh": 0.39976789241018224,
      "avg_latency_s": 12.62634,
      "total_prompt_tokens": 203851,
      "total_completion_tokens": 121569
    }
  ]
}