{
  "meta": {
    "tracking": true,
    "mode": "complexity"
  },
  "results": [
    {
      "model_name": "gpt-4o-mini",
      "window_size": 1,
      "n_frames": 100,
      "parse_success_rate": 1.0,
      "mean_pdr_ped": 0.6013452359342697,
      "std_pdr_ped": 0.273614985862316,
      "mean_pdr_veh": 0.58773681515617,
      "std_pdr_veh": 0.35981488002759704,
      "avg_latency_s": 0.0,
      "total_prompt_tokens": 0,
      "total_completion_tokens": 0
    },
    {
      "model_name": "gpt-5-mini",
      "window_size": 1,
      "n_frames": 64,
      "parse_success_rate": 1.0,
      "mean_pdr_ped": 0.9284321990283267,
      "std_pdr_ped": 0.12783672247625852,
      "mean_pdr_veh": 0.8715927750410508,
      "std_pdr_veh": 0.23265705003298381,
      "avg_latency_s": 0.0,
      "total_prompt_tokens": 0,
      "total_completion_tokens": 0
    },
    {
      "model_name": "mistral-large",
      "window_size": 1,
      "n_frames": 100,
      "parse_success_rate": 1.0,
      "mean_pdr_ped": 0.7565716521469728,
      "std_pdr_ped": 0.22947709468882485,
      "mean_pdr_veh": 0.7259856630824373,
      "std_pdr_veh": 0.3465019428663568,
      "avg_latency_s": 0.0,
      "total_prompt_tokens": 0,
      "total_completion_tokens": 0
    },
    {
      "model_name": "mistral-medium",
      "window_size": 1,
      "n_frames": 96,
      "parse_success_rate": 0.9895833333333334,
      "mean_pdr_ped": 0.7380639801113618,
      "std_pdr_ped": 0.2490408015757405,
      "mean_pdr_veh": 0.5705486542443063,
      "std_pdr_veh": 0.40523731631438065,
      "avg_latency_s": 0.0,
      "total_prompt_tokens": 0,
      "total_completion_tokens": 0
    }
  ]
}