{
  "meta": {
    "tracking": true,
    "mode": "complexity"
  },
  "results": [
    {
      "model_name": "gpt-4o-mini",
      "window_size": 1,
      "n_frames": 100,
      "parse_success_rate": 1.0,
      "f1_context": 0.3610894660894661,
      "f1_pedestrians": 0.6720940836940837,
      "f1_vehicles": 0.5252222222222223,
      "person_fields": {
        "atomic_action": {
          "precision": 0.875,
          "recall": 0.6516666666666667,
          "f1": 0.7093809523809524
        },
        "simple_context": {
          "precision": 0.5415,
          "recall": 0.3,
          "f1": 0.3610894660894661
        },
        "communicative": {
          "precision": 0.985,
          "recall": 0.6166666666666667,
          "f1": 0.718
        },
        "transporting": {
          "precision": 0.865,
          "recall": 0.7966666666666667,
          "f1": 0.7886666666666666
        },
        "age": {
          "precision": 0.96,
          "recall": 0.705,
          "f1": 0.7833333333333333
        }
      },
      "vehicle_fields": {
        "motion_status": {
          "precision": 0.5816666666666667,
          "recall": 0.44833333333333336,
          "f1": 0.4856666666666667
        },
        "trunk_open": {
          "precision": 0.735,
          "recall": 0.45,
          "f1": 0.545
        },
        "doors_open": {
          "precision": 0.735,
          "recall": 0.45,
          "f1": 0.545
        }
      },
      "avg_latency_s": 0.0,
      "total_prompt_tokens": 0,
      "total_completion_tokens": 0,
      "avg_judge_completeness": null,
      "avg_judge_semantic_richness": null,
      "avg_judge_spatial_relations": null,
      "avg_judge_overall": null
    },
    {
      "model_name": "gpt-5-mini",
      "window_size": 1,
      "n_frames": 56,
      "parse_success_rate": 1.0,
      "f1_context": 0.7131660997732426,
      "f1_pedestrians": 0.8123951247165533,
      "f1_vehicles": 0.5793650793650794,
      "person_fields": {
        "atomic_action": {
          "precision": 0.681547619047619,
          "recall": 0.7946428571428571,
          "f1": 0.7113095238095238
        },
        "simple_context": {
          "precision": 0.750297619047619,
          "recall": 0.718452380952381,
          "f1": 0.7131660997732426
        },
        "communicative": {
          "precision": 1.0,
          "recall": 0.8541666666666667,
          "f1": 0.9
        },
        "transporting": {
          "precision": 0.9345238095238095,
          "recall": 0.8571428571428571,
          "f1": 0.868452380952381
        },
        "age": {
          "precision": 0.9196428571428571,
          "recall": 0.8482142857142857,
          "f1": 0.869047619047619
        }
      },
      "vehicle_fields": {
        "motion_status": {
          "precision": 0.6845238095238095,
          "recall": 0.6904761904761905,
          "f1": 0.6607142857142857
        },
        "trunk_open": {
          "precision": 0.7321428571428571,
          "recall": 0.44642857142857145,
          "f1": 0.5416666666666666
        },
        "doors_open": {
          "precision": 0.7232142857142857,
          "recall": 0.44642857142857145,
          "f1": 0.5357142857142857
        }
      },
      "avg_latency_s": 0.0,
      "total_prompt_tokens": 0,
      "total_completion_tokens": 0,
      "avg_judge_completeness": null,
      "avg_judge_semantic_richness": null,
      "avg_judge_spatial_relations": null,
      "avg_judge_overall": null
    },
    {
      "model_name": "mistral-large",
      "window_size": 1,
      "n_frames": 100,
      "parse_success_rate": 1.0,
      "f1_context": 0.6001587301587301,
      "f1_pedestrians": 0.7309650793650794,
      "f1_vehicles": 0.4666666666666666,
      "person_fields": {
        "atomic_action": {
          "precision": 0.84,
          "recall": 0.7625,
          "f1": 0.7659999999999999
        },
        "simple_context": {
          "precision": 0.785,
          "recall": 0.5201666666666667,
          "f1": 0.6001587301587301
        },
        "communicative": {
          "precision": 0.985,
          "recall": 0.6316666666666666,
          "f1": 0.7286666666666666
        },
        "transporting": {
          "precision": 0.8133333333333332,
          "recall": 0.825,
          "f1": 0.7766666666666667
        },
        "age": {
          "precision": 0.96,
          "recall": 0.705,
          "f1": 0.7833333333333333
        }
      },
      "vehicle_fields": {
        "motion_status": {
          "precision": 0.5433333333333333,
          "recall": 0.38166666666666665,
          "f1": 0.42333333333333334
        },
        "trunk_open": {
          "precision": 0.605,
          "recall": 0.435,
          "f1": 0.49
        },
        "doors_open": {
          "precision": 0.595,
          "recall": 0.435,
          "f1": 0.48666666666666664
        }
      },
      "avg_latency_s": 0.0,
      "total_prompt_tokens": 0,
      "total_completion_tokens": 0,
      "avg_judge_completeness": null,
      "avg_judge_semantic_richness": null,
      "avg_judge_spatial_relations": null,
      "avg_judge_overall": null
    },
    {
      "model_name": "mistral-medium",
      "window_size": 1,
      "n_frames": 96,
      "parse_success_rate": 0.9895833333333334,
      "f1_context": 0.5403091060985798,
      "f1_pedestrians": 0.6937460317460318,
      "f1_vehicles": 0.49380116959064324,
      "person_fields": {
        "atomic_action": {
          "precision": 0.9,
          "recall": 0.5675438596491228,
          "f1": 0.6550877192982456
        },
        "simple_context": {
          "precision": 0.7645614035087719,
          "recall": 0.447719298245614,
          "f1": 0.5403091060985798
        },
        "communicative": {
          "precision": 0.9894736842105263,
          "recall": 0.6017543859649123,
          "f1": 0.708421052631579
        },
        "transporting": {
          "precision": 0.8052631578947368,
          "recall": 0.8456140350877193,
          "f1": 0.780701754385965
        },
        "age": {
          "precision": 0.9631578947368421,
          "recall": 0.7052631578947368,
          "f1": 0.7842105263157895
        }
      },
      "vehicle_fields": {
        "motion_status": {
          "precision": 0.6333333333333333,
          "recall": 0.4631578947368421,
          "f1": 0.5129824561403509
        },
        "trunk_open": {
          "precision": 0.6473684210526316,
          "recall": 0.4052631578947368,
          "f1": 0.4859649122807017
        },
        "doors_open": {
          "precision": 0.6368421052631579,
          "recall": 0.4052631578947368,
          "f1": 0.48245614035087714
        }
      },
      "avg_latency_s": 0.0,
      "total_prompt_tokens": 0,
      "total_completion_tokens": 0,
      "avg_judge_completeness": null,
      "avg_judge_semantic_richness": null,
      "avg_judge_spatial_relations": null,
      "avg_judge_overall": null
    }
  ]
}