{
  "meta": {
    "tracking": true,
    "mode": "extraction"
  },
  "results": [
    {
      "model_name": "gpt-4o-mini",
      "window_size": 1,
      "n_frames": 87,
      "parse_success_rate": 1.0,
      "f1_context": 0.4455391351943076,
      "f1_pedestrians": 0.6591461412151067,
      "f1_vehicles": 0.38467432950191566,
      "person_fields": {
        "atomic_action": {
          "precision": 0.8486590038314176,
          "recall": 0.5632183908045977,
          "f1": 0.6486590038314176
        },
        "simple_context": {
          "precision": 0.7375478927203065,
          "recall": 0.3415708812260536,
          "f1": 0.4455391351943076
        },
        "communicative": {
          "precision": 0.896551724137931,
          "recall": 0.6609195402298851,
          "f1": 0.7268199233716475
        },
        "transporting": {
          "precision": 0.8908045977011494,
          "recall": 0.7030651340996168,
          "f1": 0.7563218390804597
        },
        "age": {
          "precision": 0.8218390804597702,
          "recall": 0.6800766283524904,
          "f1": 0.7183908045977011
        }
      },
      "vehicle_fields": {
        "motion_status": {
          "precision": 0.367816091954023,
          "recall": 0.260536398467433,
          "f1": 0.2957854406130268
        },
        "trunk_open": {
          "precision": 0.5747126436781609,
          "recall": 0.3563218390804598,
          "f1": 0.4291187739463601
        },
        "doors_open": {
          "precision": 0.5747126436781609,
          "recall": 0.3563218390804598,
          "f1": 0.4291187739463601
        }
      },
      "avg_latency_s": 8.699747126436781,
      "total_prompt_tokens": 3289981,
      "total_completion_tokens": 38975,
      "avg_judge_completeness": 0.2727586206896552,
      "avg_judge_semantic_richness": 0.4360919540229885,
      "avg_judge_spatial_relations": 0.2886206896551724,
      "avg_judge_overall": 0.32022988505747124
    },
    {
      "model_name": "gpt-4o-mini",
      "window_size": 4,
      "n_frames": 321,
      "parse_success_rate": 0.9719626168224299,
      "f1_context": 0.422718253968254,
      "f1_pedestrians": 0.6684325396825397,
      "f1_vehicles": 0.3537037037037037,
      "person_fields": {
        "atomic_action": {
          "precision": 0.8301282051282052,
          "recall": 0.593215811965812,
          "f1": 0.6636752136752136
        },
        "simple_context": {
          "precision": 0.6762820512820513,
          "recall": 0.3355235042735043,
          "f1": 0.422718253968254
        },
        "communicative": {
          "precision": 0.9294871794871795,
          "recall": 0.6778846153846154,
          "f1": 0.7519230769230769
        },
        "transporting": {
          "precision": 0.8958333333333334,
          "recall": 0.7083333333333334,
          "f1": 0.7591880341880343
        },
        "age": {
          "precision": 0.8461538461538461,
          "recall": 0.701388888888889,
          "f1": 0.7446581196581197
        }
      },
      "vehicle_fields": {
        "motion_status": {
          "precision": 0.3685897435897436,
          "recall": 0.23183760683760682,
          "f1": 0.2726495726495726
        },
        "trunk_open": {
          "precision": 0.5256410256410257,
          "recall": 0.328525641025641,
          "f1": 0.3942307692307692
        },
        "doors_open": {
          "precision": 0.5256410256410257,
          "recall": 0.328525641025641,
          "f1": 0.3942307692307692
        }
      },
      "avg_latency_s": 20.654954022988505,
      "total_prompt_tokens": 11939449,
      "total_completion_tokens": 122725,
      "avg_judge_completeness": 0.22935064935064936,
      "avg_judge_semantic_richness": 0.40103896103896103,
      "avg_judge_spatial_relations": 0.20987012987012987,
      "avg_judge_overall": 0.26857142857142857
    },
    {
      "model_name": "gpt-5-mini",
      "window_size": 1,
      "n_frames": 87,
      "parse_success_rate": 1.0,
      "f1_context": 0.6585659551176792,
      "f1_pedestrians": 0.7815982484948003,
      "f1_vehicles": 0.5565772669220945,
      "person_fields": {
        "atomic_action": {
          "precision": 0.8524904214559388,
          "recall": 0.7432950191570882,
          "f1": 0.7609195402298851
        },
        "simple_context": {
          "precision": 0.7959770114942529,
          "recall": 0.5971264367816093,
          "f1": 0.6585659551176792
        },
        "communicative": {
          "precision": 0.9885057471264368,
          "recall": 0.7758620689655172,
          "f1": 0.8325670498084292
        },
        "transporting": {
          "precision": 0.9540229885057471,
          "recall": 0.814176245210728,
          "f1": 0.849425287356322
        },
        "age": {
          "precision": 0.9137931034482759,
          "recall": 0.760536398467433,
          "f1": 0.8065134099616859
        }
      },
      "vehicle_fields": {
        "motion_status": {
          "precision": 0.7164750957854407,
          "recall": 0.582375478927203,
          "f1": 0.6199233716475095
        },
        "trunk_open": {
          "precision": 0.7126436781609196,
          "recall": 0.43103448275862066,
          "f1": 0.524904214559387
        },
        "doors_open": {
          "precision": 0.7126436781609196,
          "recall": 0.43103448275862066,
          "f1": 0.524904214559387
        }
      },
      "avg_latency_s": 89.41066666666667,
      "total_prompt_tokens": 181384,
      "total_completion_tokens": 179602,
      "avg_judge_completeness": 0.357093023255814,
      "avg_judge_semantic_richness": 0.6177906976744186,
      "avg_judge_spatial_relations": 0.5158139534883721,
      "avg_judge_overall": 0.46674418604651163
    },
    {
      "model_name": "gpt-5-mini",
      "window_size": 4,
      "n_frames": 305,
      "parse_success_rate": 0.9704918032786886,
      "f1_context": 0.6832099957099957,
      "f1_pedestrians": 0.7931542256542257,
      "f1_vehicles": 0.4930555555555556,
      "person_fields": {
        "atomic_action": {
          "precision": 0.8254504504504505,
          "recall": 0.7170608108108109,
          "f1": 0.7335746460746461
        },
        "simple_context": {
          "precision": 0.8223536036036035,
          "recall": 0.6161599099099099,
          "f1": 0.6832099957099957
        },
        "communicative": {
          "precision": 1.0,
          "recall": 0.7933558558558559,
          "f1": 0.8543918918918919
        },
        "transporting": {
          "precision": 0.9679054054054054,
          "recall": 0.8282657657657657,
          "f1": 0.8635135135135135
        },
        "age": {
          "precision": 0.918918918918919,
          "recall": 0.7905405405405406,
          "f1": 0.831081081081081
        }
      },
      "vehicle_fields": {
        "motion_status": {
          "precision": 0.6114864864864865,
          "recall": 0.45551801801801806,
          "f1": 0.49943693693693697
        },
        "trunk_open": {
          "precision": 0.6554054054054054,
          "recall": 0.40709459459459457,
          "f1": 0.48986486486486486
        },
        "doors_open": {
          "precision": 0.6554054054054054,
          "recall": 0.40709459459459457,
          "f1": 0.48986486486486486
        }
      },
      "avg_latency_s": 146.79573493975903,
      "total_prompt_tokens": 443863,
      "total_completion_tokens": 301609,
      "avg_judge_completeness": 0.3687837837837838,
      "avg_judge_semantic_richness": 0.6071621621621621,
      "avg_judge_spatial_relations": 0.49986486486486487,
      "avg_judge_overall": 0.46094594594594596
    },
    {
      "model_name": "mistral-large",
      "window_size": 1,
      "n_frames": 87,
      "parse_success_rate": 1.0,
      "f1_context": 0.5322021528918081,
      "f1_pedestrians": 0.7128005838350665,
      "f1_vehicles": 0.44904214559386973,
      "person_fields": {
        "atomic_action": {
          "precision": 0.768199233716475,