{
  "meta": {
    "tracking": true,
    "mode": "complexity"
  },
  "results": [
    {
      "model_name": "gpt-4o-mini",
      "window_size": 1,
      "n_frames": 100,
      "parse_success_rate": 1.0,
      "mean_pdr_ped": 0.4442801637507181,
      "std_pdr_ped": 0.29453899787381926,
      "mean_pdr_veh": 0.5559907834101382,
      "std_pdr_veh": 0.35218276295527723,
      "avg_latency_s": 10.21481,
      "total_prompt_tokens": 3756291,
      "total_completion_tokens": 54608
    },
    {
      "model_name": "gpt-5-mini",
      "window_size": 1,
      "n_frames": 100,
      "parse_success_rate": 1.0,
      "mean_pdr_ped": 0.7738856118580375,
      "std_pdr_ped": 0.2376647814914353,
      "mean_pdr_veh": 0.8825652841781874,
      "std_pdr_veh": 0.2494954216746436,
      "avg_latency_s": 163.61369000000002,
      "total_prompt_tokens": 183191,
      "total_completion_tokens": 336486
    },
    {
      "model_name": "mistral-large",
      "window_size": 1,
      "n_frames": 100,
      "parse_success_rate": 1.0,
      "mean_pdr_ped": 0.6734705937695752,
      "std_pdr_ped": 0.2695910328050918,
      "mean_pdr_veh": 0.7768561187916028,
      "std_pdr_veh": 0.3220942577810047,
      "avg_latency_s": 49.35509,
      "total_prompt_tokens": 202025,
      "total_completion_tokens": 109232
    },
    {
      "model_name": "mistral-medium",
      "window_size": 1,
      "n_frames": 100,
      "parse_success_rate": 1.0,
      "mean_pdr_ped": 0.7029247912436212,
      "std_pdr_ped": 0.2446137174211126,
      "mean_pdr_veh": 0.5873271889400922,
      "std_pdr_veh": 0.3939209883561131,
      "avg_latency_s": 9.48615,
      "total_prompt_tokens": 202025,
      "total_completion_tokens": 116914
    }
  ]
}