{
  "meta": {
    "label": "tracking",
    "timestamp": "2026-04-23 18:02",
    "tracking": true,
    "multi_crop": false,
    "mode": "extraction",
    "max_resolution": [
      640,
      480
    ]
  },
  "results": [
    {
      "model_name": "gpt-4o-mini",
      "window_size": 1,
      "n_frames": 160,
      "parse_success_rate": 1.0,
      "f1_context": 0.4051934523809524,
      "f1_pedestrians": 0.6304136904761904,
      "f1_vehicles": 0.42437499999999995,
      "person_fields": {
        "atomic_action": {
          "precision": 0.83125,
          "recall": 0.5390625,
          "f1": 0.6258333333333332
        },
        "simple_context": {
          "precision": 0.6916666666666667,
          "recall": 0.3076041666666667,
          "f1": 0.4051934523809524
        },
        "communicative": {
          "precision": 0.88125,
          "recall": 0.6239583333333333,
          "f1": 0.6983333333333334
        },
        "transporting": {
          "precision": 0.86875,
          "recall": 0.6635416666666667,
          "f1": 0.7216666666666667
        },
        "age": {
          "precision": 0.803125,
          "recall": 0.6572916666666667,
          "f1": 0.7010416666666667
        }
      },
      "vehicle_fields": {
        "motion_status": {
          "precision": 0.534375,
          "recall": 0.390625,
          "f1": 0.4335416666666666
        },
        "trunk_open": {
          "precision": 0.559375,
          "recall": 0.35,
          "f1": 0.4197916666666666
        },
        "doors_open": {
          "precision": 0.559375,
          "recall": 0.35,
          "f1": 0.4197916666666666
        }
      },
      "avg_latency_s": 3.9278874999999998,
      "total_prompt_tokens": 2397120,
      "total_completion_tokens": 38713,
      "avg_judge_completeness": 0.236875,
      "avg_judge_semantic_richness": 0.41574999999999995,
      "avg_judge_spatial_relations": 0.3650625,
      "avg_judge_overall": 0.323625
    },
    {
      "model_name": "gpt-5-mini",
      "window_size": 1,
      "n_frames": 160,
      "parse_success_rate": 1.0,
      "f1_context": 0.6406150793650793,
      "f1_pedestrians": 0.7679563492063493,
      "f1_vehicles": 0.43875,
      "person_fields": {
        "atomic_action": {
          "precision": 0.8322916666666667,
          "recall": 0.7578125,
          "f1": 0.7602083333333333
        },
        "simple_context": {
          "precision": 0.7640625,
          "recall": 0.5764583333333333,
          "f1": 0.6406150793650793
        },
        "communicative": {
          "precision": 0.96875,
          "recall": 0.7604166666666667,
          "f1": 0.8222916666666666
        },
        "transporting": {
          "precision": 0.9447916666666666,
          "recall": 0.7770833333333333,
          "f1": 0.8220833333333333
        },
        "age": {
          "precision": 0.890625,
          "recall": 0.75625,
          "f1": 0.7945833333333333
        }
      },
      "vehicle_fields": {
        "motion_status": {
          "precision": 0.578125,
          "recall": 0.4625,
          "f1": 0.49645833333333333
        },
        "trunk_open": {
          "precision": 0.55,
          "recall": 0.340625,
          "f1": 0.4104166666666666
        },
        "doors_open": {
          "precision": 0.546875,
          "recall": 0.340625,
          "f1": 0.409375
        }
      },
      "avg_latency_s": 28.60543125,
      "total_prompt_tokens": 176480,
      "total_completion_tokens": 232787,
      "avg_judge_completeness": 0.3631875,
      "avg_judge_semantic_richness": 0.5345,
      "avg_judge_spatial_relations": 0.52625,
      "avg_judge_overall": 0.45875000000000005
    },
    {
      "model_name": "mistral-large",
      "window_size": 1,
      "n_frames": 160,
      "parse_success_rate": 1.0,
      "f1_context": 0.47297619047619055,
      "f1_pedestrians": 0.6548035714285715,
      "f1_vehicles": 0.4363194444444444,
      "person_fields": {
        "atomic_action": {
          "precision": 0.79375,
          "recall": 0.5453125,
          "f1": 0.6172916666666667
        },
        "simple_context": {
          "precision": 0.7302083333333333,
          "recall": 0.3783333333333333,
          "f1": 0.47297619047619055
        },
        "communicative": {
          "precision": 0.896875,
          "recall": 0.640625,
          "f1": 0.7122916666666667
        },
        "transporting": {
          "precision": 0.8447916666666666,
          "recall": 0.7052083333333333,
          "f1": 0.7375
        },
        "age": {
          "precision": 0.83125,
          "recall": 0.6895833333333333,
          "f1": 0.7339583333333334
        }
      },
      "vehicle_fields": {
        "motion_status": {
          "precision": 0.48125,
          "recall": 0.31666666666666665,
          "f1": 0.36104166666666665
        },
        "trunk_open": {
          "precision": 0.640625,
          "recall": 0.390625,
          "f1": 0.4739583333333333
        },
        "doors_open": {
          "precision": 0.640625,
          "recall": 0.390625,
          "f1": 0.4739583333333333
        }
      },
      "avg_latency_s": 4.52720625,
      "total_prompt_tokens": 182560,
      "total_completion_tokens": 53833,
      "avg_judge_completeness": 0.2733125,
      "avg_judge_semantic_richness": 0.464125,
      "avg_judge_spatial_relations": 0.404875,
      "avg_judge_overall": 0.364
    },
    {
      "model_name": "mistral-medium",
      "window_size": 1,
      "n_frames": 160,
      "parse_success_rate": 0.9875,
      "f1_context": 0.5229505726341169,
      "f1_pedestrians": 0.690623869801085,
      "f1_vehicles": 0.3675808720112517,
      "person_fields": {
        "atomic_action": {
          "precision": 0.8248945147679325,
          "recall": 0.595464135021097,
          "f1": 0.6569620253164556
        },
        "simple_context": {
          "precision": 0.7616033755274262,
          "recall": 0.43343881856540084,
          "f1": 0.5229505726341169
        },
        "communicative": {
          "precision": 0.9335443037974683,
          "recall": 0.6772151898734177,
          "f1": 0.74957805907173
        },
        "transporting": {
          "precision": 0.8575949367088608,
          "recall": 0.7573839662447258,
          "f1": 0.7736286919831223
        },
        "age": {
          "precision": 0.8481012658227848,
          "recall": 0.709915611814346,
          "f1": 0.75
        }
      },
      "vehicle_fields": {
        "motion_status": {
          "precision": 0.4620253164556962,
          "recall": 0.35548523206751054,
          "f1": 0.38544303797468354
        },
        "trunk_open": {
          "precision": 0.47468354430379744,
          "recall": 0.30063291139240506,
          "f1": 0.35864978902953587
        },
        "doors_open": {
          "precision": 0.47468354430379744,
          "recall": 0.30063291139240506,
          "f1": 0.35864978902953587
        }
      },
      "avg_latency_s": 4.43896875,
      "total_prompt_tokens": 182560,
      "total_completion_tokens": 110069,
      "avg_judge_completeness": 0.3174050632911392,
      "avg_judge_semantic_richness": 0.4844936708860759,
      "avg_judge_spatial_relations": 0.45670886075949363,
      "avg_judge_overall": 0.40037974683544303
    }
  ]
}