{
  "meta": {
    "label": "tracking",
    "timestamp": "2026-04-26 14:00",
    "tracking": true,
    "multi_crop": false,
    "mode": "extraction",
    "max_resolution": [
      640,
      480
    ]
  },
  "results": [
    {
      "model_name": "mistral-medium",
      "window_size": 1,
      "n_frames": 160,
      "parse_success_rate": 0.9875,
      "f1_context": 0.5229505726341169,
      "f1_pedestrians": 0.690623869801085,
      "f1_vehicles": 0.3675808720112517,
      "person_fields": {
        "atomic_action": {
          "precision": 0.8248945147679325,
          "recall": 0.595464135021097,
          "f1": 0.6569620253164556
        },
        "simple_context": {
          "precision": 0.7616033755274262,
          "recall": 0.43343881856540084,
          "f1": 0.5229505726341169
        },
        "communicative": {
          "precision": 0.9335443037974683,
          "recall": 0.6772151898734177,
          "f1": 0.74957805907173
        },
        "transporting": {
          "precision": 0.8575949367088608,
          "recall": 0.7573839662447258,
          "f1": 0.7736286919831223
        },
        "age": {
          "precision": 0.8481012658227848,
          "recall": 0.709915611814346,
          "f1": 0.75
        }
      },
      "vehicle_fields": {
        "motion_status": {
          "precision": 0.4620253164556962,
          "recall": 0.35548523206751054,
          "f1": 0.38544303797468354
        },
        "trunk_open": {
          "precision": 0.47468354430379744,
          "recall": 0.30063291139240506,
          "f1": 0.35864978902953587
        },
        "doors_open": {
          "precision": 0.47468354430379744,
          "recall": 0.30063291139240506,
          "f1": 0.35864978902953587
        }
      },
      "avg_latency_s": 4.43896875,
      "total_prompt_tokens": 182560,
      "total_completion_tokens": 110069,
      "avg_judge_completeness": 0.3174050632911392,
      "avg_judge_semantic_richness": 0.4844936708860759,
      "avg_judge_spatial_relations": 0.45670886075949363,
      "avg_judge_overall": 0.40037974683544303
    }
  ]
}