{
  "meta": {
    "label": "baseline",
    "timestamp": "2026-04-23 14:30",
    "tracking": false,
    "multi_crop": false,
    "mode": "extraction",
    "max_resolution": [
      1280,
      720
    ]
  },
  "results": [
    {
      "model_name": "gpt-4o-mini",
      "window_size": 1,
      "n_frames": 160,
      "parse_success_rate": 1.0,
      "f1_context": 0.44333333333333336,
      "f1_pedestrians": 0.6719583333333333,
      "f1_vehicles": 0.43812500000000004,
      "person_fields": {
        "atomic_action": {
          "precision": 0.8385416666666666,
          "recall": 0.6041666666666667,
          "f1": 0.6679166666666666
        },
        "simple_context": {
          "precision": 0.7427083333333333,
          "recall": 0.34270833333333334,
          "f1": 0.44333333333333336
        },
        "communicative": {
          "precision": 0.91875,
          "recall": 0.6645833333333333,
          "f1": 0.7379166666666667
        },
        "transporting": {
          "precision": 0.871875,
          "recall": 0.7354166666666667,
          "f1": 0.76375
        },
        "age": {
          "precision": 0.85,
          "recall": 0.7010416666666667,
          "f1": 0.746875
        }
      },
      "vehicle_fields": {
        "motion_status": {
          "precision": 0.521875,
          "recall": 0.390625,
          "f1": 0.433125
        },
        "trunk_open": {
          "precision": 0.590625,
          "recall": 0.365625,
          "f1": 0.440625
        },
        "doors_open": {
          "precision": 0.590625,
          "recall": 0.365625,
          "f1": 0.440625
        }
      },
      "avg_latency_s": 7.154406249999999,
      "total_prompt_tokens": 6033440,
      "total_completion_tokens": 45164,
      "avg_judge_completeness": 0.260125,
      "avg_judge_semantic_richness": 0.45325,
      "avg_judge_spatial_relations": 0.425375,
      "avg_judge_overall": 0.3615625
    },
    {
      "model_name": "gpt-5-mini",
      "window_size": 1,
      "n_frames": 160,
      "parse_success_rate": 1.0,
      "f1_context": 0.6868353174603175,
      "f1_pedestrians": 0.7932003968253968,
      "f1_vehicles": 0.5595833333333333,
      "person_fields": {
        "atomic_action": {
          "precision": 0.8354166666666666,
          "recall": 0.765625,
          "f1": 0.7679166666666666
        },
        "simple_context": {
          "precision": 0.8109375,
          "recall": 0.6277083333333333,
          "f1": 0.6868353174603175
        },
        "communicative": {
          "precision": 0.990625,
          "recall": 0.7739583333333333,
          "f1": 0.838125
        },
        "transporting": {
          "precision": 0.9510416666666666,
          "recall": 0.8302083333333334,
          "f1": 0.8533333333333333
        },
        "age": {
          "precision": 0.915625,
          "recall": 0.7791666666666667,
          "f1": 0.8197916666666666
        }
      },
      "vehicle_fields": {
        "motion_status": {
          "precision": 0.6854166666666667,
          "recall": 0.6104166666666667,
          "f1": 0.625625
        },
        "trunk_open": {
          "precision": 0.71875,
          "recall": 0.43125,
          "f1": 0.5270833333333333
        },
        "doors_open": {
          "precision": 0.715625,
          "recall": 0.43125,
          "f1": 0.5260416666666666
        }
      },
      "avg_latency_s": 38.9642375,
      "total_prompt_tokens": 316480,
      "total_completion_tokens": 259053,
      "avg_judge_completeness": 0.4340625,
      "avg_judge_semantic_richness": 0.595125,
      "avg_judge_spatial_relations": 0.6049375,
      "avg_judge_overall": 0.5304375
    },
    {
      "model_name": "mistral-large",
      "window_size": 1,
      "n_frames": 160,
      "parse_success_rate": 1.0,
      "f1_context": 0.5668898809523809,
      "f1_pedestrians": 0.7156279761904762,
      "f1_vehicles": 0.4617361111111111,
      "person_fields": {
        "atomic_action": {
          "precision": 0.8020833333333334,
          "recall": 0.690625,
          "f1": 0.71375
        },
        "simple_context": {
          "precision": 0.784375,
          "recall": 0.4739583333333333,
          "f1": 0.5668898809523809
        },
        "communicative": {
          "precision": 0.946875,
          "recall": 0.6864583333333333,
          "f1": 0.76
        },
        "transporting": {
          "precision": 0.8625,
          "recall": 0.7604166666666667,
          "f1": 0.7739583333333333
        },
        "age": {
          "precision": 0.865625,
          "recall": 0.7197916666666667,
          "f1": 0.7635416666666667
        }
      },
      "vehicle_fields": {
        "motion_status": {
          "precision": 0.565625,
          "recall": 0.35833333333333334,
          "f1": 0.41645833333333326
        },
        "trunk_open": {
          "precision": 0.646875,
          "recall": 0.403125,
          "f1": 0.484375
        },
        "doors_open": {
          "precision": 0.646875,
          "recall": 0.403125,
          "f1": 0.484375
        }
      },
      "avg_latency_s": 11.938725,
      "total_prompt_tokens": 339360,
      "total_completion_tokens": 63665,
      "avg_judge_completeness": 0.3129375,
      "avg_judge_semantic_richness": 0.504375,
      "avg_judge_spatial_relations": 0.48925,
      "avg_judge_overall": 0.4180625
    }
  ]
}