{
  "meta": {
    "label": "baseline",
    "timestamp": "2026-04-26 17:07",
    "tracking": false,
    "multi_crop": false,
    "mode": "extraction",
    "max_resolution": [
      640,
      480
    ]
  },
  "results": [
    {
      "model_name": "molmo2-8b",
      "window_size": 1,
      "n_frames": 160,
      "parse_success_rate": 0.51875,
      "f1_context": 0.1113023522662077,
      "f1_pedestrians": 0.3380034423407917,
      "f1_vehicles": 0.21271753681392233,
      "person_fields": {
        "atomic_action": {
          "precision": 0.40963855421686746,
          "recall": 0.285140562248996,
          "f1": 0.3244979919678715
        },
        "simple_context": {
          "precision": 0.21686746987951808,
          "recall": 0.08273092369477911,
          "f1": 0.1113023522662077
        },
        "communicative": {
          "precision": 0.5240963855421686,
          "recall": 0.42570281124497994,
          "f1": 0.451004016064257
        },
        "transporting": {
          "precision": 0.4457831325301205,
          "recall": 0.3514056224899599,
          "f1": 0.3779116465863454
        },
        "age": {
          "precision": 0.43373493975903615,
          "recall": 0.4397590361445783,
          "f1": 0.4253012048192771
        }
      },
      "vehicle_fields": {
        "motion_status": {
          "precision": 0.26506024096385544,
          "recall": 0.19076305220883533,
          "f1": 0.21244979919678714
        },
        "trunk_open": {
          "precision": 0.27710843373493976,
          "recall": 0.1927710843373494,
          "f1": 0.2188755020080321
        },
        "doors_open": {
          "precision": 0.26506024096385544,
          "recall": 0.18072289156626506,
          "f1": 0.20682730923694775
        }
      },
      "avg_latency_s": 12.26718125,
      "total_prompt_tokens": 199840,
      "total_completion_tokens": 37866,
      "avg_judge_completeness": 0.17686746987951807,
      "avg_judge_semantic_richness": 0.31903614457831325,
      "avg_judge_spatial_relations": 0.3230120481927711,
      "avg_judge_overall": 0.25156626506024093
    }
  ]
}