{
  "meta": {
    "tracking": true,
    "mode": "extraction"
  },
  "results": [
    {
      "model_name": "gpt-4o-mini",
      "window_size": 1,
      "n_frames": 13,
      "parse_success_rate": 1.0,
      "f1_context": 0.5743589743589743,
      "f1_pedestrians": 0.8517948717948718,
      "f1_vehicles": 0.7025641025641024,
      "person_fields": {
        "atomic_action": {
          "precision": 0.9615384615384616,
          "recall": 0.8846153846153846,
          "f1": 0.8974358974358974
        },
        "simple_context": {
          "precision": 0.9230769230769231,
          "recall": 0.43589743589743585,
          "f1": 0.5743589743589743
        },
        "communicative": {
          "precision": 0.9615384615384616,
          "recall": 0.782051282051282,
          "f1": 0.8384615384615385
        },
        "transporting": {
          "precision": 1.0,
          "recall": 0.9230769230769231,
          "f1": 0.9487179487179488
        },
        "age": {
          "precision": 1.0,
          "recall": 1.0,
          "f1": 1.0
        }
      },
      "vehicle_fields": {
        "motion_status": {
          "precision": 0.7692307692307693,
          "recall": 0.5512820512820512,
          "f1": 0.6205128205128205
        },
        "trunk_open": {
          "precision": 1.0,
          "recall": 0.6153846153846154,
          "f1": 0.7435897435897435
        },
        "doors_open": {
          "precision": 1.0,
          "recall": 0.6153846153846154,
          "f1": 0.7435897435897435
        }
      },
      "avg_latency_s": 6.562615384615385,
      "total_prompt_tokens": 489450,
      "total_completion_tokens": 3746,
      "avg_judge_completeness": 0.23923076923076922,
      "avg_judge_semantic_richness": 0.47692307692307695,
      "avg_judge_spatial_relations": 0.4,
      "avg_judge_overall": 0.36153846153846153
    },
    {
      "model_name": "gpt-4o-mini",
      "window_size": 3,
      "n_frames": 37,
      "parse_success_rate": 0.972972972972973,
      "f1_context": 0.4490740740740741,
      "f1_pedestrians": 0.7944444444444445,
      "f1_vehicles": 0.6518518518518518,
      "person_fields": {
        "atomic_action": {
          "precision": 0.9444444444444444,
          "recall": 0.8333333333333334,
          "f1": 0.8703703703703703
        },
        "simple_context": {
          "precision": 0.8611111111111112,
          "recall": 0.30787037037037035,
          "f1": 0.4490740740740741
        },
        "communicative": {
          "precision": 0.8888888888888888,
          "recall": 0.7083333333333334,
          "f1": 0.7638888888888888
        },
        "transporting": {
          "precision": 0.9722222222222222,
          "recall": 0.8888888888888888,
          "f1": 0.9166666666666666
        },
        "age": {
          "precision": 0.9722222222222222,
          "recall": 0.9722222222222222,
          "f1": 0.9722222222222222
        }
      },
      "vehicle_fields": {
        "motion_status": {
          "precision": 0.6666666666666666,
          "recall": 0.375,
          "f1": 0.4555555555555555
        },
        "trunk_open": {
          "precision": 1.0,
          "recall": 0.625,
          "f1": 0.75
        },
        "doors_open": {
          "precision": 1.0,
          "recall": 0.625,
          "f1": 0.75
        }
      },
      "avg_latency_s": 11.667384615384615,
      "total_prompt_tokens": 1373490,
      "total_completion_tokens": 8245,
      "avg_judge_completeness": 0.23750000000000002,
      "avg_judge_semantic_richness": 0.49416666666666664,
      "avg_judge_spatial_relations": 0.34,
      "avg_judge_overall": 0.3408333333333333
    },
    {
      "model_name": "gpt-5-mini",
      "window_size": 1,
      "n_frames": 13,
      "parse_success_rate": 1.0,
      "f1_context": 0.653968253968254,
      "f1_pedestrians": 0.8641269841269841,
      "f1_vehicles": 0.7820512820512819,
      "person_fields": {
        "atomic_action": {
          "precision": 0.8461538461538461,
          "recall": 0.9615384615384616,
          "f1": 0.8717948717948718
        },
        "simple_context": {
          "precision": 0.8,
          "recall": 0.5961538461538461,
          "f1": 0.653968253968254
        },
        "communicative": {
          "precision": 1.0,
          "recall": 0.782051282051282,
          "f1": 0.8461538461538461
        },
        "transporting": {
          "precision": 1.0,
          "recall": 0.9230769230769231,
          "f1": 0.9487179487179488
        },
        "age": {
          "precision": 1.0,
          "recall": 1.0,
          "f1": 1.0
        }
      },
      "vehicle_fields": {
        "motion_status": {
          "precision": 0.9358974358974359,
          "recall": 0.8205128205128205,
          "f1": 0.8589743589743589
        },
        "trunk_open": {
          "precision": 1.0,
          "recall": 0.6153846153846154,
          "f1": 0.7435897435897435
        },
        "doors_open": {
          "precision": 1.0,
          "recall": 0.6153846153846154,
          "f1": 0.7435897435897435
        }
      },
      "avg_latency_s": 74.27138461538462,
      "total_prompt_tokens": 24947,
      "total_completion_tokens": 22051,
      "avg_judge_completeness": 0.47538461538461535,
      "avg_judge_semantic_richness": 0.5692307692307692,
      "avg_judge_spatial_relations": 0.5153846153846154,
      "avg_judge_overall": 0.5192307692307693
    },
    {
      "model_name": "gpt-5-mini",
      "window_size": 3,
      "n_frames": 37,
      "parse_success_rate": 0.972972972972973,
      "f1_context": 0.7113756613756614,
      "f1_pedestrians": 0.8965343915343915,
      "f1_vehicles": 0.7768518518518519,
      "person_fields": {
        "atomic_action": {
          "precision": 0.9444444444444444,
          "recall": 0.9583333333333334,
          "f1": 0.9351851851851851
        },
        "simple_context": {
          "precision": 1.0,
          "recall": 0.5694444444444444,
          "f1": 0.7113756613756614
        },
        "communicative": {
          "precision": 1.0,
          "recall": 0.8425925925925926,
          "f1": 0.8916666666666667
        },
        "transporting": {
          "precision": 1.0,
          "recall": 0.9166666666666666,
          "f1": 0.9444444444444444
        },
        "age": {
          "precision": 1.0,
          "recall": 1.0,
          "f1": 1.0
        }
      },
      "vehicle_fields": {
        "motion_status": {
          "precision": 0.8888888888888888,
          "recall": 0.8194444444444444,
          "f1": 0.8305555555555556
        },
        "trunk_open": {
          "precision": 1.0,
          "recall": 0.625,
          "f1": 0.75
        },
        "doors_open": {
          "precision": 1.0,
          "recall": 0.625,
          "f1": 0.75
        }
      },
      "avg_latency_s": 149.29184615384614,
      "total_prompt_tokens": 51467,
      "total_completion_tokens": 35070,
      "avg_judge_completeness": 0.37000000000000005,
      "avg_judge_semantic_richness": 0.6108333333333333,
      "avg_judge_spatial_relations": 0.43916666666666665,
      "avg_judge_overall": 0.46416666666666667
    },
    {
      "model_name": "mistral-large",
      "window_size": 1,
      "n_frames": 13,
      "parse_success_rate": 1.0,
      "f1_context": 0.5102564102564102,
      "f1_pedestrians": 0.8353846153846154,
      "f1_vehicles": 0.652991452991453,
      "person_fields": {
        "atomic_action": {
          "precision": 0.9230769230769231,
          "recall": 0.8461538461538461,
          "f1": 0.8717948717948718
        },
        "simple_context": {
          "precision": 0.9230769230769231,
          "recall": 0.37179487179487175,
          "f1": 0.5102564102564102
        },
        "communicative": {
          "precision": 1.0,
          "recall": 0.782051282051282,
          "f1": 0.8461538461538461
        },
        "transporting": {
          "precision": 1.0,
          "recall": 0.9230769230769231,
          "f1": 0.9487179487179488
        },