{
  "meta": {
    "tracking": false,
    "mode": "complexity"
  },
  "results": [
    {
      "model_name": "gpt-4o-mini",
      "window_size": 1,
      "n_frames": 100,
      "parse_success_rate": 1.0,
      "f1_context": 0.3536269841269841,
      "f1_pedestrians": 0.6225253968253968,
      "f1_vehicles": 0.44477777777777777,
      "person_fields": {
        "atomic_action": {
          "precision": 0.8833333333333333,
          "recall": 0.555,
          "f1": 0.6483333333333333
        },
        "simple_context": {
          "precision": 0.64,
          "recall": 0.26316666666666666,
          "f1": 0.3536269841269841
        },
        "communicative": {
          "precision": 0.92,
          "recall": 0.5483333333333333,
          "f1": 0.65
        },
        "transporting": {
          "precision": 0.835,
          "recall": 0.7133333333333333,
          "f1": 0.7273333333333334
        },
        "age": {
          "precision": 0.91,
          "recall": 0.655,
          "f1": 0.7333333333333333
        }
      },
      "vehicle_fields": {
        "motion_status": {
          "precision": 0.5,
          "recall": 0.39166666666666666,
          "f1": 0.42766666666666664
        },
        "trunk_open": {
          "precision": 0.6,
          "recall": 0.38,
          "f1": 0.4533333333333333
        },
        "doors_open": {
          "precision": 0.6,
          "recall": 0.38,
          "f1": 0.4533333333333333
        }
      },
      "avg_latency_s": 10.28272,
      "total_prompt_tokens": 3798800,
      "total_completion_tokens": 29606,
      "avg_judge_completeness": null,
      "avg_judge_semantic_richness": null,
      "avg_judge_spatial_relations": null,
      "avg_judge_overall": null
    },
    {
      "model_name": "gpt-5-mini",
      "window_size": 1,
      "n_frames": 100,
      "parse_success_rate": 1.0,
      "f1_context": 0.6682142857142856,
      "f1_pedestrians": 0.7566904761904761,
      "f1_vehicles": 0.5732222222222222,
      "person_fields": {
        "atomic_action": {
          "precision": 0.8641666666666667,
          "recall": 0.7008333333333333,
          "f1": 0.7415714285714285
        },
        "simple_context": {
          "precision": 0.86,
          "recall": 0.5821666666666667,
          "f1": 0.6682142857142856
        },
        "communicative": {
          "precision": 0.995,
          "recall": 0.65,
          "f1": 0.7473333333333333
        },
        "transporting": {
          "precision": 0.9466666666666668,
          "recall": 0.815,
          "f1": 0.8396666666666667
        },
        "age": {
          "precision": 0.955,
          "recall": 0.715,
          "f1": 0.7866666666666667
        }
      },
      "vehicle_fields": {
        "motion_status": {
          "precision": 0.7033333333333333,
          "recall": 0.5833333333333334,
          "f1": 0.6163333333333333
        },
        "trunk_open": {
          "precision": 0.75,
          "recall": 0.46,
          "f1": 0.5566666666666666
        },
        "doors_open": {
          "precision": 0.74,
          "recall": 0.45,
          "f1": 0.5466666666666666
        }
      },
      "avg_latency_s": 61.962740000000004,
      "total_prompt_tokens": 225700,
      "total_completion_tokens": 170140,
      "avg_judge_completeness": null,
      "avg_judge_semantic_richness": null,
      "avg_judge_spatial_relations": null,
      "avg_judge_overall": null
    },
    {
      "model_name": "mistral-large",
      "window_size": 1,
      "n_frames": 100,
      "parse_success_rate": 1.0,
      "f1_context": 0.5432777777777777,
      "f1_pedestrians": 0.6621888888888889,
      "f1_vehicles": 0.4455555555555555,
      "person_fields": {
        "atomic_action": {
          "precision": 0.8383333333333333,
          "recall": 0.5941666666666666,
          "f1": 0.669
        },
        "simple_context": {
          "precision": 0.8266666666666667,
          "recall": 0.4246666666666667,
          "f1": 0.5432777777777777
        },
        "communicative": {
          "precision": 0.935,
          "recall": 0.5616666666666666,
          "f1": 0.6646666666666667
        },
        "transporting": {
          "precision": 0.775,
          "recall": 0.7383333333333333,
          "f1": 0.7106666666666667
        },
        "age": {
          "precision": 0.9,
          "recall": 0.645,
          "f1": 0.7233333333333333
        }
      },
      "vehicle_fields": {
        "motion_status": {
          "precision": 0.53,
          "recall": 0.33333333333333337,
          "f1": 0.39166666666666666
        },
        "trunk_open": {
          "precision": 0.63,
          "recall": 0.395,
          "f1": 0.4733333333333333
        },
        "doors_open": {
          "precision": 0.625,
          "recall": 0.395,
          "f1": 0.4716666666666666
        }
      },
      "avg_latency_s": 14.82515,
      "total_prompt_tokens": 240400,
      "total_completion_tokens": 45093,
      "avg_judge_completeness": null,
      "avg_judge_semantic_richness": null,
      "avg_judge_spatial_relations": null,
      "avg_judge_overall": null
    },
    {
      "model_name": "mistral-medium",
      "window_size": 1,
      "n_frames": 100,
      "parse_success_rate": 1.0,
      "f1_context": 0.5090238095238095,
      "f1_pedestrians": 0.7032047619047619,
      "f1_vehicles": 0.4504444444444444,
      "person_fields": {
        "atomic_action": {
          "precision": 0.9133333333333333,
          "recall": 0.595,
          "f1": 0.6906666666666667
        },
        "simple_context": {
          "precision": 0.6966666666666668,
          "recall": 0.42133333333333334,
          "f1": 0.5090238095238095
        },
        "communicative": {
          "precision": 1.0,
          "recall": 0.6283333333333334,
          "f1": 0.7323333333333334
        },
        "transporting": {
          "precision": 0.825,
          "recall": 0.855,
          "f1": 0.8006666666666666
        },
        "age": {
          "precision": 0.96,
          "recall": 0.705,
          "f1": 0.7833333333333333
        }
      },
      "vehicle_fields": {
        "motion_status": {
          "precision": 0.5633333333333334,
          "recall": 0.44333333333333336,
          "f1": 0.47633333333333333
        },
        "trunk_open": {
          "precision": 0.58,
          "recall": 0.37,
          "f1": 0.44
        },
        "doors_open": {
          "precision": 0.565,
          "recall": 0.37,
          "f1": 0.435
        }
      },
      "avg_latency_s": 8.34294,
      "total_prompt_tokens": 240400,
      "total_completion_tokens": 58328,
      "avg_judge_completeness": null,
      "avg_judge_semantic_richness": null,
      "avg_judge_spatial_relations": null,
      "avg_judge_overall": null
    }
  ]
}