{
  "meta": {
    "label": "baseline",
    "timestamp": "2026-04-23 19:01",
    "tracking": false,
    "multi_crop": false,
    "mode": "extraction",
    "max_resolution": [
      1280,
      720
    ]
  },
  "results": [
    {
      "model_name": "molmo2-8b",
      "window_size": 1,
      "n_frames": 160,
      "parse_success_rate": 0.91875,
      "f1_context": 0.1680919987042436,
      "f1_pedestrians": 0.31602202785876254,
      "f1_vehicles": 0.16666666666666666,
      "person_fields": {
        "atomic_action": {
          "precision": 0.4557823129251701,
          "recall": 0.2602040816326531,
          "f1": 0.3179138321995465
        },
        "simple_context": {
          "precision": 0.3877551020408163,
          "recall": 0.10918367346938776,
          "f1": 0.1680919987042436
        },
        "communicative": {
          "precision": 0.5034013605442177,
          "recall": 0.31405895691609975,
          "f1": 0.3673469387755102
        },
        "transporting": {
          "precision": 0.3945578231292517,
          "recall": 0.2891156462585034,
          "f1": 0.32086167800453513
        },
        "age": {
          "precision": 0.4897959183673469,
          "recall": 0.36961451247165533,
          "f1": 0.4058956916099773
        }
      },
      "vehicle_fields": {
        "motion_status": {
          "precision": 0.2108843537414966,
          "recall": 0.1326530612244898,
          "f1": 0.15532879818594103
        },
        "trunk_open": {
          "precision": 0.23129251700680273,
          "recall": 0.14625850340136054,
          "f1": 0.1746031746031746
        },
        "doors_open": {
          "precision": 0.22448979591836735,
          "recall": 0.14285714285714285,
          "f1": 0.17006802721088435
        }
      },
      "avg_latency_s": 80.92639375,
      "total_prompt_tokens": 330720,
      "total_completion_tokens": 75489,
      "avg_judge_completeness": 0.1358503401360544,
      "avg_judge_semantic_richness": 0.2995238095238095,
      "avg_judge_spatial_relations": 0.27972789115646257,
      "avg_judge_overall": 0.22122448979591838
    }
  ]
}