{
  "meta": {
    "label": "baseline",
    "timestamp": "2026-04-26 13:25",
    "tracking": false,
    "multi_crop": false,
    "mode": "extraction",
    "max_resolution": [
      640,
      480
    ]
  },
  "results": [
    {
      "model_name": "mistral-medium",
      "window_size": 1,
      "n_frames": 160,
      "parse_success_rate": 1.0,
      "f1_context": 0.5494642857142857,
      "f1_pedestrians": 0.6979761904761904,
      "f1_vehicles": 0.3708333333333333,
      "person_fields": {
        "atomic_action": {
          "precision": 0.8395833333333333,
          "recall": 0.5963541666666667,
          "f1": 0.6677083333333333
        },
        "simple_context": {
          "precision": 0.7979166666666667,
          "recall": 0.45187499999999997,
          "f1": 0.5494642857142857
        },
        "communicative": {
          "precision": 0.9375,
          "recall": 0.6854166666666667,
          "f1": 0.7585416666666667
        },
        "transporting": {
          "precision": 0.85625,
          "recall": 0.7510416666666667,
          "f1": 0.7652083333333334
        },
        "age": {
          "precision": 0.85,
          "recall": 0.7072916666666667,
          "f1": 0.7489583333333333
        }
      },
      "vehicle_fields": {
        "motion_status": {
          "precision": 0.484375,
          "recall": 0.3625,
          "f1": 0.396875
        },
        "trunk_open": {
          "precision": 0.48125,
          "recall": 0.296875,
          "f1": 0.3583333333333333
        },
        "doors_open": {
          "precision": 0.478125,
          "recall": 0.296875,
          "f1": 0.3572916666666667
        }
      },
      "avg_latency_s": 2.9927812499999997,
      "total_prompt_tokens": 165280,
      "total_completion_tokens": 68997,
      "avg_judge_completeness": 0.318125,
      "avg_judge_semantic_richness": 0.47506250000000005,
      "avg_judge_spatial_relations": 0.4575,
      "avg_judge_overall": 0.40225
    }
  ]
}